{
    "metadata": {
        "version": 3,
        "generator": "io_three",
        "vertices": 8,
        "uvs": 0,
        "faces": 6,
        "type": "Geometry",
        "normals": 8
    },
    "vertices": [1,0,0,1,0,1,-0,0,1,0,0,-0,1,1,0,1,1,1,-0,1,1,0,1,-0],
    "uvs": [],
    "name": "CubeGeometry.2",
    "faces": [33,0,1,2,3,0,1,2,3,33,4,7,6,5,4,5,6,7,33,0,4,5,1,0,4,7,1,33,1,5,6,2,1,7,6,2,33,2,6,7,3,2,6,5,3,33,4,0,3,7,4,0,3,5],
    "normals": [0.577349,-0.577349,-0.577349,0.577349,-0.577349,0.577349,-0.577349,-0.577349,0.577349,-0.577349,-0.577349,-0.577349,0.577349,0.577349,-0.577349,-0.577349,0.577349,-0.577349,-0.577349,0.577349,0.577349,0.577349,0.577349,0.577349]
}